episode,reward
0,1115.4721499639095
1,949.1013593061092
2,1247.1294546613688
