episode,global_step,episode_reward
0,300,797.535483110726
1,600,675.0656733762729
2,900,947.8420830357747
