episode,global_step,episode_reward
0,1500,35.070070748274375
1,3000,39.55406229679987
2,4500,30.11805934045085
